{"cameraMode":{"drawMode":0,"name":"Shaded","section":"Shading Mode"},"sceneLighting":false,"audioPlay":false,"sceneViewState":{"showFog":true,"showMaterialUpdate":false,"showSkybox":true,"showFlares":true,"showImageEffects":true,"showParticleSystems":true},"in2DMode":false,"pivot":{"x":218.77581787109376,"y":219.50169372558595,"z":-1.230278730392456},"rotation":{"x":-0.09007148444652558,"y":-0.05167470872402191,"z":0.004661300219595432,"w":-0.9946318864822388},"size":5.175989151000977,"orthographic":false}