{"cameraMode":{"drawMode":0,"name":"Shaded","section":"Shading Mode"},"sceneLighting":false,"audioPlay":false,"sceneViewState":{"showFog":true,"showMaterialUpdate":false,"showSkybox":true,"showFlares":true,"showImageEffects":true,"showParticleSystems":true},"in2DMode":false,"pivot":{"x":189.57261657714845,"y":257.38409423828127,"z":10.104354858398438},"rotation":{"x":-0.06623058021068573,"y":-0.03233128786087036,"z":0.0021285535767674448,"w":-0.9973258376121521},"size":91.42325592041016,"orthographic":false}