{"cameraMode":{"drawMode":0,"name":"Shaded","section":"Shading Mode"},"sceneLighting":false,"audioPlay":false,"sceneViewState":{"showFog":true,"showMaterialUpdate":false,"showSkybox":true,"showFlares":true,"showImageEffects":true,"showParticleSystems":true},"in2DMode":false,"pivot":{"x":218.53024291992188,"y":218.7469482421875,"z":0.0},"rotation":{"x":-0.11555341631174088,"y":0.008039092645049096,"z":-0.000949984707403928,"w":-0.9933181405067444},"size":2.379148006439209,"orthographic":false}