{"cameraMode":{"drawMode":0,"name":"Shaded","section":"Shading Mode"},"sceneLighting":true,"audioPlay":false,"sceneViewState":{"showFog":true,"showMaterialUpdate":false,"showSkybox":true,"showFlares":true,"showImageEffects":true,"showParticleSystems":true},"in2DMode":false,"pivot":{"x":0.005565226078033447,"y":0.31061428785324099,"z":-0.0069887638092041019},"rotation":{"x":0.2027720957994461,"y":0.03584013506770134,"z":-0.007560038473457098,"w":0.9786409139633179},"size":5.687493801116943,"orthographic":false}