{"cameraMode":{"drawMode":0,"name":"Shaded","section":"Shading Mode"},"sceneLighting":true,"audioPlay":false,"sceneViewState":{"showFog":true,"showMaterialUpdate":false,"showSkybox":true,"showFlares":true,"showImageEffects":true,"showParticleSystems":true},"in2DMode":false,"pivot":{"x":3.1829590797424318,"y":0.3559999465942383,"z":2.745109796524048},"rotation":{"x":0.18506145477294923,"y":-0.7746391296386719,"z":0.26293274760246279,"w":0.5447454452514648},"size":7.364262104034424,"orthographic":false}