{"cameraMode":{"drawMode":0,"name":"Shaded","section":"Shading Mode"},"sceneLighting":true,"audioPlay":false,"sceneViewState":{"showFog":true,"showMaterialUpdate":false,"showSkybox":true,"showFlares":true,"showImageEffects":true,"showParticleSystems":true},"in2DMode":false,"pivot":{"x":0.8387038707733154,"y":0.45100000500679018,"z":-1.4487414360046387},"rotation":{"x":0.2842468321323395,"y":-0.13833023607730866,"z":0.04133916646242142,"w":0.9479219317436218},"size":3.9053008556365969,"orthographic":false}